task,model,condition,n_test,accuracy,precision,recall,f1,train_acc,cv_folds,cv_mean,epochs_run,best_epoch
single,Random Forest,clean/clean,476,94.32773109243698,0.9466580504400636,0.9432225738396625,0.9437129198604564,99.21052631578947,0.6282;0.9368;0.9347;0.9326;0.8232,85.11039363113667,,
single,Random Forest,clean/noisy,476,94.11764705882352,0.9441807686562326,0.9411128691983123,0.9415564585902008,99.21052631578947,0.6282;0.9368;0.9347;0.9326;0.8232,85.11039363113667,,
single,Random Forest,retrained/noisy,476,95.37815126050421,0.9557847451845086,0.9537710970464136,0.954056740378598,99.92105263157895,0.6408;0.9474;0.9368;0.9347;0.8295,85.78354710305176,,
single,Random Forest,retrained/clean,476,95.16806722689076,0.9537803649322937,0.9516613924050633,0.9519726072074229,99.92105263157895,0.6408;0.9474;0.9368;0.9347;0.8295,85.78354710305176,,
single,XGBoost,clean/clean,476,95.16806722689076,0.9523742657006956,0.9515822784810126,0.9514654003933516,100.0,0.7668;0.9284;0.9516;0.9516;0.8800,89.56771340114994,,
single,XGBoost,clean/noisy,476,96.21848739495799,0.9633263667793791,0.9621308016877635,0.9622640768824918,100.0,0.7668;0.9284;0.9516;0.9516;0.8800,89.56771340114994,,
single,XGBoost,retrained/noisy,476,96.21848739495799,0.962614982375055,0.9621308016877638,0.962017269263148,99.8421052631579,0.8067;0.9305;0.9558;0.9432;0.9011,90.74498009730208,,
single,XGBoost,retrained/clean,476,95.7983193277311,0.9585927609938061,0.9579113924050633,0.9576741353501762,99.8421052631579,0.8067;0.9305;0.9558;0.9432;0.9011,90.74498009730208,,
single,CNN,clean/clean,476,98.52941176470588,0.9864341085271318,0.9852584388185653,0.9853728806809956,99.73684210526315,0.9748;0.9832;0.9874;0.9705;0.9874,98.06421937195931,34.0,31.0
single,CNN,clean/noisy,476,98.52941176470588,0.9861255894762969,0.9852584388185653,0.9852978932600079,99.73684210526315,0.9748;0.9832;0.9874;0.9705;0.9874,98.06421937195931,34.0,31.0
single,CNN,retrained/noisy,476,98.52941176470588,0.9853639240506329,0.9852584388185655,0.9852850573278834,99.68421052631578,0.9790;0.9874;0.5579;0.9768;0.4589,79.20088456435205,50.0,50.0
single,CNN,retrained/clean,476,98.31932773109243,0.9833834713757357,0.9831751054852321,0.9832279294452838,99.68421052631578,0.9790;0.9874;0.5579;0.9768;0.4589,79.20088456435205,50.0,50.0
single,Transformer,clean/clean,476,89.70588235294117,0.8973436725427453,0.8969936708860758,0.8967336483465419,94.15789473684211,0.8929;0.9263;0.9011;0.8568;0.8905,89.35187969924814,25.0,22.0
single,Transformer,clean/noisy,476,90.33613445378151,0.9033571162704371,0.9033227848101265,0.9027873584799583,94.15789473684211,0.8929;0.9263;0.9011;0.8568;0.8905,89.35187969924814,25.0,22.0
single,Transformer,retrained/noisy,476,89.28571428571429,0.9015055969413535,0.8928270042194093,0.8950104177549005,92.94736842105263,0.8845;0.9158;0.9095;0.9053;0.8989,90.27854931446264,14.0,11.0
single,Transformer,retrained/clean,476,90.33613445378151,0.912774930035204,0.9033491561181434,0.9057456658482502,92.94736842105263,0.8845;0.9158;0.9095;0.9053;0.8989,90.27854931446264,14.0,11.0
mixed,Random Forest,clean/clean,12351,94.67249615415756,0.9535255868070565,0.9428175142472153,0.9472470505915066,98.8522964192458,0.8342;0.9746;0.8996;0.9287;0.7494,87.72852302277151,,
mixed,Random Forest,clean/noisy,12351,94.17860901951259,0.9471253106719801,0.9393936881507482,0.9426887066305145,98.8522964192458,0.8342;0.9746;0.8996;0.9287;0.7494,87.72852302277151,,
mixed,Random Forest,retrained/noisy,12351,95.17447979920655,0.9574869472543327,0.9486879428779943,0.9523493023197993,99.64880675262636,0.8556;0.9775;0.9037;0.9359;0.7587,88.6272507561387,,
mixed,Random Forest,retrained/clean,12351,95.3606995384989,0.9599737722796788,0.9499269509793432,0.9541147617619679,99.64880675262636,0.8556;0.9775;0.9037;0.9359;0.7587,88.6272507561387,,
mixed,XGBoost,clean/clean,12351,96.29989474536474,0.966052177767048,0.9609824190427064,0.963324126330928,99.12758334514098,0.9133;0.9789;0.9066;0.9567;0.7842,90.7939182422902,,
mixed,XGBoost,clean/noisy,12351,95.84649016273985,0.9609435614569108,0.9575496168395619,0.9591748264965663,99.12758334514098,0.9133;0.9789;0.9066;0.9567;0.7842,90.7939182422902,,
mixed,XGBoost,retrained/noisy,12351,96.77758885920169,0.9710965158473336,0.9657164293773409,0.9682090624044818,99.91296075137137,0.9205;0.9836;0.9105;0.9598;0.7897,91.28295638668803,,
mixed,XGBoost,retrained/clean,12351,97.00429115051413,0.9740630210736739,0.9673059704575293,0.9703797186045218,99.91296075137137,0.9205;0.9836;0.9105;0.9598;0.7897,91.28295638668803,,
mixed,CNN,clean/clean,12351,97.00429115051413,0.97129901013999,0.9704197235697725,0.97085192206893,99.20652591947857,0.9683;0.9681;0.9704;0.9679;0.9645,96.78076990274681,38.0,35.0
mixed,CNN,clean/noisy,12351,96.7937818800097,0.9689118812475236,0.9692936596482763,0.9690671558792061,99.20652591947857,0.9683;0.9681;0.9704;0.9679;0.9645,96.78076990274681,38.0,35.0
mixed,CNN,retrained/noisy,12351,96.93142255687799,0.9714385543721956,0.969276908535208,0.9703246861309374,99.33101228670324,0.9615;0.9698;0.9656;0.9698;0.9663,96.65932526239087,17.0,14.0
mixed,CNN,retrained/clean,12351,96.97190510889806,0.9718899302727577,0.9693797760560798,0.9705813958956628,99.33101228670324,0.9615;0.9698;0.9656;0.9698;0.9663,96.65932526239087,17.0,14.0
mixed,Transformer,clean/clean,12351,95.39308558011497,0.958797873763819,0.9520234651960948,0.9551269249633147,96.18444224034978,0.9504;0.9519;0.9506;0.9491;0.9334,94.70801302128662,38.0,35.0
mixed,Transformer,clean/noisy,12351,95.37689255930694,0.9585547294811793,0.9523973934393044,0.9552702345138263,96.18444224034978,0.9504;0.9519;0.9506;0.9491;0.9334,94.70801302128662,38.0,35.0
mixed,Transformer,retrained/noisy,12351,95.53072625698324,0.9627491556691222,0.9510082235460129,0.9558436261333094,96.1297896888853,0.9514;0.9585;0.9452;0.9504;0.9537,95.18250131035629,25.0,22.0
mixed,Transformer,retrained/clean,12351,95.44976115294308,0.9627445782976732,0.9495073590624135,0.9549291830167119,96.1297896888853,0.9514;0.9585;0.9452;0.9504;0.9537,95.18250131035629,25.0,22.0
